<meta>
    <info gamemodes="race" type="map" name="[DM] Gus V.8 - Suspense Is Killing Me" author="Gus" version="1.2.9"></info>
    <map src="gusv8.map" dimension="0"></map>
    <settings>
        <setting name="#skins" value='[ &quot;cj&quot; ]'></setting>
        <setting name="#maxplayers" value="[ 128 ]"></setting>
        <setting name="#useLODs" value="[ false ]"></setting>
        <setting name="#gamespeed" value="[ 1 ]"></setting>
        <setting name="#ghostmode" value='[ &quot;true&quot; ]'></setting>
        <setting name="#time" value="5:0"></setting>
        <setting name="#vehicleweapons" value='[ &quot;true&quot; ]'></setting>
        <setting name="#minplayers" value="[ 0 ]"></setting>
        <setting name="#respawntime" value="[ 5 ]"></setting>
        <setting name="#gravity" value="[ 0.008000 ]"></setting>
        <setting name="#waveheight" value="[ 0 ]"></setting>
        <setting name="#weather" value="[ 5 ]"></setting>
        <setting name="#locked_time" value="[ true ]"></setting>
        <setting name="#duration" value="[ 100000000 ]"></setting>
        <setting name="#respawn" value='[ &quot;none&quot; ]'></setting>
    </settings>
    <script src="client.lua" type="client"></script>
    <script src="music.lua" type="client" validate="false"></script>
	<file src="palm.txd" />
	<file src="palm.dff" />
	<file src="song.ogg" />

</meta>
